{
    "loss": 13.550209045410156,
    "accuracy": 0.5686274766921997
}